KPI Name,Benchmark,Source
Procurement ROI,74.1,Hackett Group
% of Spend Under Management,61.5,CAPS Research
Procurement Cost as % of Spend,88.9,Deloitte
Internal Customer Satisfaction Score,82.1,Gartner
Policy Compliance Rate,87.9,CIPS
Procurement Maturity Index,86.3,Hackett Group
% of Spend Analyzed,75.9,CAPS Research
Number of Categories with Defined Strategies,87.3,Deloitte
% of Tail Spend,58.1,Gartner
Category Savings (YoY),61.9,CIPS
Opportunity Realization Rate,56.6,Hackett Group
Category Maturity Score,66.4,CAPS Research
Strategic Sourcing Savings,68.6,Deloitte
Average Sourcing Cycle Time,64.5,Gartner
% of Events Using eSourcing Tools,84.0,CIPS
% of TCO-Based Decisions,67.5,Hackett Group
Number of Competitive Bids per Event,64.8,CAPS Research
Sourcing Plan Compliance,74.0,Deloitte
% of Strategic Suppliers with SRM Programs,59.9,Gartner
Supplier On-Time Delivery Rate,83.1,CIPS
Supplier Quality Score,57.6,Hackett Group
Supplier Risk Score,89.5,CAPS Research
% of Spend with Diverse Suppliers,82.0,Deloitte
Supplier Innovation Contribution,62.0,Gartner
Contract Coverage Ratio,55.2,CIPS
Contract Compliance Rate,83.5,Hackett Group
Contract Cycle Time,79.7,CAPS Research
% of Automated Contract Renewals,80.5,Deloitte
% of Standard Terms Used,82.0,Gartner
Contract Risk Rating,57.6,CIPS
Purchase Order Cycle Time,67.5,Hackett Group
% of PO Automation,59.1,CAPS Research
Invoice Match Rate,85.2,Deloitte
% of Spend on P-Cards or Catalog,76.8,Gartner
Maverick Spend Rate,66.6,CIPS
Cost per PO,57.2,Hackett Group
Data Accuracy Score,65.9,CAPS Research
Procurement Tech Adoption Rate,66.4,Deloitte
% of Decisions Informed by Analytics,80.5,Gartner
Time to Generate Procurement Reports,77.3,CIPS
Number of AI/Automation Use Cases Deployed,86.1,Hackett Group
ROI from Digital Procurement Tools,71.5,CAPS Research
% of Procurement Staff with Certifications,59.2,Deloitte
Training Hours per Employee,80.0,Gartner
Procurement Employee Engagement Score,81.6,CIPS
Attrition Rate,74.6,Hackett Group
Succession Plan Coverage,82.0,CAPS Research
Skills Gap Index,72.3,Deloitte
